,kdeğer,yerli,yabancı_g,yabancı_ç,yıl,sınıf,sınıf2
TUR_01T02,0.7560687526554309,0.2156423281305072,0.028910151326433015,0.05307565768749625,2005,2,tarım
TUR_03,0.9018608536952569,0.08053096692504463,0.017612328992000346,0.06290341328837973,2005,2,tarım
TUR_05T06,0.8365706649728006,0.132370721065024,0.03105932829893013,0.1653335325815239,2005,3,maden
TUR_07T08,0.3314655486579844,0.540404880980065,0.12813006793974174,0.08865954309161936,2005,3,maden
TUR_09,0.2139584945200424,0.6831764901093953,0.1028657905827363,0.009964995740813531,2005,3,maden
TUR_10T12,0.29703961026111714,0.6519461354222775,0.05295096932817839,0.09092240542226561,2005,1,imalat
TUR_13T15,0.40506803810793796,0.5076916105985466,0.08738461986702253,0.29227273036976137,2005,1,imalat
TUR_16,0.3019203396476678,0.5780460041740046,0.12005274583889709,0.0735552302457351,2005,1,imalat
TUR_17T18,0.35936743825506906,0.5183622536118218,0.12227892728144123,0.07372779382054465,2005,1,imalat
TUR_19,0.2440192130758278,0.3067453755814169,0.4492514302284888,0.1827545330862816,2005,1,imalat
TUR_20,0.3929087666807303,0.4487133913606529,0.15843634607668147,0.15951218651892943,2005,1,imalat
TUR_21,0.63867343563009,0.2744332044992407,0.08696010977781904,0.11950964384947885,2005,1,imalat
TUR_22,0.21976976676047194,0.5582237506173134,0.2220360434194153,0.17026064207037617,2005,1,imalat
TUR_23,0.39155883908416717,0.5245953786579097,0.08384711652534005,0.09819495354454034,2005,1,imalat
TUR_24,0.18257796210608868,0.6683744883475033,0.14904772355868617,0.22839265234408246,2005,1,imalat
TUR_25,0.3043664754514377,0.5283935560624358,0.1672404282789488,0.16490512974317667,2005,1,imalat
TUR_26,0.5723280248564085,0.24855820440035664,0.17911389422345272,0.3792559002762129,2005,1,imalat
TUR_27,0.23880127146296848,0.5523001981235901,0.2088988325731106,0.24171264469869194,2005,1,imalat
TUR_28,0.2686241362875727,0.5452209256420433,0.1861568527459587,0.23458273965940832,2005,1,imalat
TUR_29,0.33149748160623477,0.47240232531883314,0.19610043016869763,0.4750063353954318,2005,1,imalat
TUR_30,0.5646938828748473,0.3042220557302711,0.13108419866105472,0.3184742963458977,2005,1,imalat
TUR_31T33,0.2953665933833039,0.5596520542173705,0.1449834219963394,0.12702469707724,2005,1,imalat
TUR_35,0.15385254185837965,0.7427083962970751,0.1034391431239882,0.006858592974026117,2005,4,ins_en_ç
TUR_36T39,0.3940805899423429,0.5495334631446437,0.05638675521930728,0.004991256911059839,2005,4,ins_en_ç
TUR_41T43,0.2954606922354189,0.614554514133466,0.08998693019008985,0.0027907179551857407,2005,4,ins_en_ç
TUR_45T47,0.6836975268182135,0.2916564733436155,0.024655595844067114,0.12096102156762635,2005,5,hizm
TUR_49,0.6364581488962414,0.29934911317116725,0.0641931245049653,0.10721371408168708,2005,5,hizm
TUR_50,0.7413281076912906,0.20438755574464057,0.054300059026726605,0.22906259976989288,2005,5,hizm
TUR_51,0.16867630399836903,0.65732753331917,0.17400029510298554,0.5424262250675338,2005,5,hizm
TUR_52,0.5421466753773487,0.407682892844322,0.050172560106810794,0.14188210101783802,2005,5,hizm
TUR_53,0.45470888479431554,0.5042478756462544,0.04104382977922771,0.0630444172650766,2005,5,hizm
TUR_55T56,0.411739639558118,0.5459962847068709,0.04277925243721179,0.2176612353180886,2005,5,hizm
TUR_58T60,0.38828467418091783,0.5443707273871232,0.0673450233574409,0.07640430006661039,2005,5,hizm
TUR_61,0.8471500498391115,0.1368729659905663,0.015977127474788137,0.035607015772795673,2005,5,hizm
TUR_62T63,0.3842229052034629,0.536007421317065,0.0797722917273688,0.06361504688038197,2005,5,hizm
TUR_64T66,0.5520611974799033,0.400024831392229,0.04791488104713223,0.05491902877945853,2005,5,hizm
TUR_68,0.8162806423325236,0.1633947969502212,0.020326372035686917,0.02839644339778858,2005,5,hizm
TUR_69T75,0.44831614924698,0.4897458074199323,0.061957603393875786,0.017507961058017045,2005,5,hizm
TUR_77T82,0.5039785263530244,0.42425643394162227,0.07179055012814152,0.04697710009853947,2005,5,hizm
TUR_84,0.6728433574764975,0.2829951442515662,0.04422923215823524,0.003697830637859891,2005,5,hizm
TUR_85,0.6919410510247144,0.28451729780460394,0.02355449385142544,0.01320970636566753,2005,5,hizm
TUR_86T88,0.5475526865442774,0.4072610885401921,0.04521810843436206,0.0121615169226405,2005,5,hizm
TUR_90T93,0.32177365623109105,0.6384850403412748,0.03975295475494176,0.23935061388065043,2005,5,hizm
TUR_94T96,0.47952939333792804,0.4759891928620902,0.044487417225026506,0.029647859067823405,2005,5,hizm
TUR_97T98,1.0,0.0,0.0,0.0,2005,5,hizm
TUR_01T02,0.6704330809514696,0.28512398260484756,0.044810610261295,0.05460744719222589,2006,2,tarım
TUR_03,0.8022643044932112,0.16281845526071398,0.03492086469404383,0.06773339810630263,2006,2,tarım
TUR_05T06,0.7134311027603379,0.22693343735662658,0.059636105866153415,0.21860020796967955,2006,3,maden
TUR_07T08,0.47038601649977163,0.4174427980417559,0.11217133985811893,0.09381672789332772,2006,3,maden
TUR_09,0.029732248395968906,0.8332930466652569,0.13697509412634878,0.008983381157473467,2006,3,maden
TUR_10T12,0.27043159576316667,0.6697625200932117,0.06067497710231919,0.09239677183246536,2006,1,imalat
TUR_13T15,0.39286921045541573,0.5077456711499381,0.09944421258907656,0.3050211036268975,2006,1,imalat
TUR_16,0.253253573044137,0.5999541820063657,0.14680223629754965,0.07889269394282632,2006,1,imalat
TUR_17T18,0.32206512203804066,0.5339627394268525,0.14397579607732117,0.07993896005564305,2006,1,imalat
TUR_19,0.12469600280607449,0.32809815615160043,0.5472120810335306,0.1969904547349351,2006,1,imalat
TUR_20,0.4078276265719031,0.41527113505892443,0.17692090902066043,0.17494928129494294,2006,1,imalat
TUR_21,0.6146625150575636,0.2812004034188507,0.10416409706455558,0.12524499430171998,2006,1,imalat
TUR_22,0.23794846871795386,0.5228965191021209,0.23916931120800533,0.18492832597944567,2006,1,imalat
TUR_23,0.44344361845610847,0.4741409620629386,0.08241596498133795,0.10501447679727534,2006,1,imalat
TUR_24,0.2616935958588676,0.5928893862431617,0.14541706698371204,0.2615854745750489,2006,1,imalat
TUR_25,0.31222751948884314,0.5080900637027368,0.17968256218360218,0.17861342499476726,2006,1,imalat
TUR_26,0.5956028449730009,0.22916504233320306,0.17523214831382003,0.389889961730178,2006,1,imalat
TUR_27,0.2719485430647851,0.5097208345523013,0.2183307137835064,0.2694705501693778,2006,1,imalat
TUR_28,0.2827947824895629,0.5240016566720477,0.19320424057938898,0.25826657660408237,2006,1,imalat
TUR_29,0.3133710123473733,0.4678248723419095,0.21880420320401725,0.5278369350213701,2006,1,imalat
TUR_30,0.5134925175181317,0.33650773415607954,0.14999981698235387,0.3295792174973395,2006,1,imalat
TUR_31T33,0.30139799586676724,0.5427892504606492,0.15581377136273092,0.12844901355267666,2006,1,imalat
TUR_35,0.14557423232835334,0.7433380892767993,0.1110877057578257,0.007169682396266826,2006,4,ins_en_ç
TUR_36T39,0.3795857920198055,0.5551048410910793,0.06530980062034034,0.004893769933986257,2006,4,ins_en_ç
TUR_41T43,0.3324380718015412,0.573665872116785,0.09389704689591212,0.0032908555591330425,2006,4,ins_en_ç
TUR_45T47,0.6887200222425068,0.28689162910396854,0.024393182515003265,0.1271295890028015,2006,5,hizm
TUR_49,0.6797737565870429,0.2607547024169296,0.05947168308105783,0.1078375495651544,2006,5,hizm
TUR_50,0.7085853952423309,0.24207991024018463,0.04934135808579434,0.15897820047966793,2006,5,hizm
TUR_51,0.13494855688743732,0.678594065358558,0.18645881063030872,0.46386137857138765,2006,5,hizm
TUR_52,0.3849968529607393,0.5527711951624906,0.062232963873403546,0.1328116662327563,2006,5,hizm
TUR_53,0.434386951651165,0.5237723280428508,0.04184094444584297,0.053028284492012474,2006,5,hizm
TUR_55T56,0.409937274718239,0.5451459392859991,0.04512493406946718,0.19313399980550808,2006,5,hizm
TUR_58T60,0.3564500813249757,0.565440009153286,0.07811009367980613,0.06674769808017178,2006,5,hizm
TUR_61,0.8105193545753216,0.16943076668136722,0.020049942090881005,0.033803613991510655,2006,5,hizm
TUR_62T63,0.4472829968278546,0.47840837991629886,0.07430960005512906,0.0549992150728247,2006,5,hizm
TUR_64T66,0.46753875925316674,0.47702944106061346,0.055432175879315475,0.05369672086509454,2006,5,hizm
TUR_68,0.8447736335171823,0.13610165776341804,0.01912540382235944,0.024174832899643915,2006,5,hizm
TUR_69T75,0.4683170889364835,0.46901162669094576,0.06267987403377968,0.013659469972886251,2006,5,hizm
TUR_77T82,0.5362937333498009,0.39030869025066434,0.0734069038105575,0.038445141579204145,2006,5,hizm
TUR_84,0.6551537597497159,0.29917439387135314,0.04570228437185111,0.004100956902574715,2006,5,hizm
TUR_85,0.7088667989057699,0.26684377004501725,0.024295021102916547,0.011546759504593261,2006,5,hizm
TUR_86T88,0.56262080811471,0.3884748884858098,0.0489161427609185,0.010562979548247779,2006,5,hizm
TUR_90T93,0.34986562842168467,0.611583778650717,0.038556382091208534,0.20540638150823126,2006,5,hizm
TUR_94T96,0.5222724788357073,0.43045567408246677,0.04727430945752537,0.02671152606000664,2006,5,hizm
TUR_97T98,1.0,0.0,0.0,0.0,2006,5,hizm
TUR_01T02,0.6096810874309146,0.33762980997542624,0.05293055149087123,0.05072211075201546,2007,2,tarım
TUR_03,0.7324284311735592,0.2213477683599474,0.046226421009159954,0.0669026923744216,2007,2,tarım
TUR_05T06,0.7273496716791992,0.2242154199390889,0.048435709899178586,0.2040339093059611,2007,3,maden
TUR_07T08,0.4367095369571499,0.4421436584030559,0.12114688356767453,0.09054120730370793,2007,3,maden
TUR_09,0.08664564478051973,0.7883090358323112,0.12504570368391785,0.003344095620043272,2007,3,maden
TUR_10T12,0.27579163974503096,0.6663980432049408,0.058284890780106166,0.08810693315598064,2007,1,imalat
TUR_13T15,0.3519580514566364,0.547991086466848,0.10008736245305326,0.28506076898024535,2007,1,imalat
TUR_16,0.33632262023858295,0.5398998732555056,0.12378274456158919,0.07727645067421339,2007,1,imalat
TUR_17T18,0.3142070832068605,0.547624229439968,0.13817077947403908,0.07905273308407872,2007,1,imalat
TUR_19,0.14769297567187076,0.32277842236740867,0.529531411946103,0.191326868586449,2007,1,imalat
TUR_20,0.35812709106218404,0.45060968836494697,0.19127322502143365,0.1698448430127881,2007,1,imalat
TUR_21,0.6323795122300413,0.274530130460691,0.09310366664265261,0.11965341256494468,2007,1,imalat
TUR_22,0.2184281563865058,0.5459183607624154,0.23566292521355806,0.17883102841142287,2007,1,imalat
TUR_23,0.43182006658502,0.4885751244105669,0.07960512535011036,0.1010834975431709,2007,1,imalat
TUR_24,0.22931594326265328,0.6204371466158246,0.15024693238847325,0.25811035311225367,2007,1,imalat
TUR_25,0.31029938477854196,0.5129745947865628,0.17672608182897226,0.17689950879561953,2007,1,imalat
TUR_26,0.3970584482969744,0.35297798018318516,0.24996359659655784,0.3623599829084387,2007,1,imalat
TUR_27,0.27172583011418017,0.5129041703892999,0.21537003601721488,0.2684385548797368,2007,1,imalat
TUR_28,0.29088796440120773,0.5206113485815059,0.1885009848591679,0.25364198749626354,2007,1,imalat
TUR_29,0.3136772124638559,0.4698116820269832,0.21651114291218307,0.5640710708553381,2007,1,imalat
TUR_30,0.5916496205055355,0.2827096925006565,0.12564071004158678,0.31704692832475223,2007,1,imalat
TUR_31T33,0.35411659383143024,0.5065053277737842,0.1393786577660208,0.1210087910024788,2007,1,imalat
TUR_35,0.15455065018612169,0.7418852733951928,0.10356408815229251,0.006618948906329804,2007,4,ins_en_ç
TUR_36T39,0.3707007680564307,0.5666862992982463,0.06261320334465004,0.0046311495139662725,2007,4,ins_en_ç
TUR_41T43,0.351402256098876,0.5632146691701776,0.08538362138637634,0.0035778986526103685,2007,4,ins_en_ç
TUR_45T47,0.6674607133282769,0.30220815701310516,0.03033416780562888,0.12448764318122538,2007,5,hizm
TUR_49,0.6727797679919307,0.26642920912896295,0.06079110157381101,0.10109583238359211,2007,5,hizm
TUR_50,0.7541523511532584,0.18916765760978846,0.0566825424282309,0.20492657492659597,2007,5,hizm
TUR_51,0.1776926047495993,0.6382685031131018,0.1840394634699983,0.4060123099726874,2007,5,hizm
TUR_52,0.37632378038944825,0.5507110381970892,0.07296563726641415,0.12818549054268918,2007,5,hizm
TUR_53,0.3839533234670336,0.567282843466587,0.048763933699398264,0.04606896123822098,2007,5,hizm
TUR_55T56,0.4028660980791579,0.5547316368020303,0.042508375538086986,0.18785548292469365,2007,5,hizm
TUR_58T60,0.3172222323206811,0.6089404645100283,0.07383739889369875,0.05881028891612013,2007,5,hizm
TUR_61,0.8385663503314685,0.1462469458836159,0.015186727310086448,0.03237910239202169,2007,5,hizm
TUR_62T63,0.5421988991810373,0.39826774398779097,0.05953377753045947,0.049257537516092444,2007,5,hizm
TUR_64T66,0.4735130037429076,0.47180339989350667,0.05468375467658263,0.047550650489071,2007,5,hizm
TUR_68,0.8789781270590644,0.1069022332606705,0.014119919273354375,0.020795709664010464,2007,5,hizm
TUR_69T75,0.49771742269842556,0.4489988976470382,0.05328814298006589,0.01276634479147845,2007,5,hizm
TUR_77T82,0.5882948808940699,0.35555282120179554,0.056156439925257644,0.03213507305284798,2007,5,hizm
TUR_84,0.6451333126837959,0.31024033232172926,0.044642602362205526,0.0045364400751813465,2007,5,hizm
TUR_85,0.7314871418467259,0.24709514281870984,0.0214206816201861,0.0111249347333314,2007,5,hizm
TUR_86T88,0.5880871354938145,0.36879755376638085,0.04312055893236335,0.010003006446742823,2007,5,hizm
TUR_90T93,0.37882557260711464,0.584457358857006,0.03672058330737248,0.1758218605694714,2007,5,hizm
TUR_94T96,0.5631563691267852,0.39124852775523844,0.045596365056278836,0.026211182912242174,2007,5,hizm
TUR_97T98,1.0,0.0,0.0,0.0,2007,5,hizm
TUR_01T02,0.6075289748239451,0.33317582828691517,0.05929593191991505,0.05603123702789476,2008,2,tarım
TUR_03,0.7233335595228106,0.22384099756718456,0.05282543163516095,0.0751569660815184,2008,2,tarım
TUR_05T06,0.8140682532770696,0.1443702646881327,0.04156148156933389,0.2108008311609153,2008,3,maden
TUR_07T08,0.3565364648912192,0.48951307461793625,0.15395045977655425,0.10194169196378515,2008,3,maden
TUR_09,0.17217913378797092,0.7159890723036149,0.11183178948465744,0.0055735448860306635,2008,3,maden
TUR_10T12,0.26579469834227404,0.6704966158291049,0.06371013993730966,0.09814490152957382,2008,1,imalat
TUR_13T15,0.3054409941783548,0.5813207417360405,0.11323839097296083,0.2783501015394249,2008,1,imalat
TUR_16,0.28195612991633945,0.5767634813540036,0.14128040579778617,0.08937402392116289,2008,1,imalat
TUR_17T18,0.2789831516739608,0.5696278013821656,0.15138905413865694,0.09112976305107065,2008,1,imalat
TUR_19,0.1272323804097051,0.3222123622964425,0.5505552624096709,0.22104358573106914,2008,1,imalat
TUR_20,0.3662542222359902,0.4314197261084358,0.20232607481335926,0.19445754012444558,2008,1,imalat
TUR_21,0.621890869325207,0.275702601113242,0.10240655776824673,0.13374090346238637,2008,1,imalat
TUR_22,0.23971114584723677,0.5211747871563228,0.23911409710092393,0.2053120819753054,2008,1,imalat
TUR_23,0.35119970197363654,0.5519175897632559,0.09688270872258468,0.11603896067554104,2008,1,imalat
TUR_24,0.3059703043900231,0.5534501665478433,0.1405795293231927,0.3020252348466249,2008,1,imalat
TUR_25,0.32534049365071394,0.4882928259997886,0.186366680098558,0.20535297651464066,2008,1,imalat
TUR_26,0.41776351310095294,0.326107613745576,0.2561288711937798,0.3991707390790778,2008,1,imalat
TUR_27,0.2832699606954773,0.4860979586917635,0.23063208129332494,0.3125200459077192,2008,1,imalat
TUR_28,0.2779907295925944,0.5165665294043419,0.20544274189839748,0.2943337491517148,2008,1,imalat
TUR_29,0.2724775148272954,0.48047663218294184,0.24704585404777943,0.5744361964681161,2008,1,imalat
TUR_30,0.7598397229644805,0.158491608194683,0.08166866715395937,0.3657994381782584,2008,1,imalat
TUR_31T33,0.326511990730068,0.5167308046955905,0.15675720733254322,0.1375906963357853,2008,1,imalat
TUR_35,0.17490623924953885,0.7137539550993061,0.111339805651155,0.006578519391869031,2008,4,ins_en_ç
TUR_36T39,0.3792548041479891,0.5604216171425351,0.06032357914116458,0.005134046783421008,2008,4,ins_en_ç
TUR_41T43,0.353850528825032,0.5561946888861227,0.08995478411991549,0.003975285567482102,2008,4,ins_en_ç
TUR_45T47,0.6635166696718019,0.3060409473327778,0.0304423909574449,0.13514755502495374,2008,5,hizm
TUR_49,0.6431650055733376,0.29478166972351333,0.06205332476861353,0.08882757271447363,2008,5,hizm
TUR_50,0.7556347731325334,0.1994197362813575,0.04494549358168508,0.14567439068196006,2008,5,hizm
TUR_51,0.15843334125640787,0.6305471567624977,0.21101950187848995,0.4768304891325107,2008,5,hizm
TUR_52,0.4537827349806808,0.48560310732565254,0.06061416015392791,0.13951883260932027,2008,5,hizm
TUR_53,0.37735489611127654,0.5705113670795104,0.05213372788102779,0.054385296240214945,2008,5,hizm
TUR_55T56,0.39161450170519535,0.5628194078632675,0.045566387669008626,0.18673157114426364,2008,5,hizm
TUR_58T60,0.2928465328803183,0.6344947835936282,0.07265868572165304,0.06477937037067678,2008,5,hizm
TUR_61,0.8567825575383514,0.130387640448322,0.012829801324317307,0.03715985793476351,2008,5,hizm
TUR_62T63,0.6085150023556776,0.3401236343575443,0.051361364377781875,0.059265317390688584,2008,5,hizm
TUR_64T66,0.5281981270769146,0.4254132240386773,0.04638864897075729,0.06593334319525512,2008,5,hizm
TUR_68,0.8860147874091675,0.10015885539572601,0.0138263581294449,0.022437731319472208,2008,5,hizm
TUR_69T75,0.48674046342010663,0.4610608168337161,0.05219873256818182,0.013160712789225931,2008,5,hizm
TUR_77T82,0.605773434608645,0.3396844834294822,0.0545420922807831,0.03604090762908032,2008,5,hizm
TUR_84,0.6316895166302051,0.32163078902623116,0.04667974034907681,0.005578160522601873,2008,5,hizm
TUR_85,0.7364958519034863,0.24281751715104638,0.02068663902068946,0.011048275659166858,2008,5,hizm
TUR_86T88,0.6051297815850214,0.35189676206447773,0.04297346869632797,0.009830352616534838,2008,5,hizm
TUR_90T93,0.4636019652877723,0.5050867059080749,0.03131133695435373,0.1887069254461215,2008,5,hizm
TUR_94T96,0.5481600562764597,0.40178477172137356,0.050055176999863095,0.026462523592231942,2008,5,hizm
TUR_97T98,1.0,0.0,0.0,0.0,2008,5,hizm
TUR_01T02,0.6559259107570725,0.30084123497502196,0.043232854151597694,0.05252911168622306,2009,2,tarım
TUR_03,0.7806157704461132,0.18584871799626557,0.033535521034745254,0.07672693648249607,2009,2,tarım
TUR_05T06,0.7666218231140514,0.19018780889642864,0.04319036934984482,0.20926979831841694,2009,3,maden
TUR_07T08,0.4523758658661765,0.42796084008337887,0.1196632934880096,0.09730519189874155,2009,3,maden
TUR_09,0.13318424387842429,0.7559694085256576,0.11084630028923803,0.004558838506834205,2009,3,maden
TUR_10T12,0.2915816158975654,0.6568313185472188,0.05158706545815822,0.09533044966242295,2009,1,imalat
TUR_13T15,0.2938591450356992,0.6091223375780199,0.09701851687067979,0.2678002267490655,2009,1,imalat
TUR_16,0.2805299184723265,0.5964603771804976,0.12300970855959295,0.0889041938629372,2009,1,imalat
TUR_17T18,0.3184753625431712,0.5520193842214749,0.12950525242932423,0.09176565360129364,2009,1,imalat
TUR_19,0.0832509105553543,0.3958401460237442,0.5209089429462371,0.21593809413554454,2009,1,imalat
TUR_20,0.37758697342594877,0.43234002919559655,0.1900729976194863,0.18972497928776824,2009,1,imalat
TUR_21,0.722132103899453,0.21453872731060777,0.0633291630328723,0.12781105477213547,2009,1,imalat
TUR_22,0.245449839839416,0.5375928118035943,0.21695734976008704,0.19571888820274103,2009,1,imalat
TUR_23,0.31898701621740744,0.5913944279025507,0.08961855637588437,0.10971326018155876,2009,1,imalat
TUR_24,0.12889732032194987,0.7114401379395451,0.15966254173850508,0.29918583701598045,2009,1,imalat
TUR_25,0.32571089068273956,0.5245685557329732,0.149720552988432,0.19401973952982093,2009,1,imalat
TUR_26,0.46035466193036206,0.3171775953657501,0.22246774296178196,0.402357943334125,2009,1,imalat
TUR_27,0.26848823471003325,0.5360658505105624,0.19544591260344002,0.30782195628342085,2009,1,imalat
TUR_28,0.27113367707292274,0.5390891510188146,0.1897771731149007,0.2883552449221524,2009,1,imalat
TUR_29,0.21815693413209708,0.5543363446377119,0.2275067199185643,0.4693791745880243,2009,1,imalat
TUR_30,0.6225812694727424,0.25581764104631305,0.12160108434985856,0.34811624102495026,2009,1,imalat
TUR_31T33,0.3683431493609603,0.5083003299184785,0.12335652207468308,0.13091923937499422,2009,1,imalat
TUR_35,0.18418484374893113,0.7470885049393712,0.068726650570291,0.006287212536731016,2009,4,ins_en_ç
TUR_36T39,0.4177276537804502,0.5339669242698987,0.04830542194965124,0.005245317529863555,2009,4,ins_en_ç
TUR_41T43,0.2921552826670753,0.6308705561558081,0.07697416125008215,0.004922648910722947,2009,4,ins_en_ç
TUR_45T47,0.5853561192395741,0.37907413927342504,0.035569741436208314,0.1310654765066985,2009,5,hizm
TUR_49,0.6238009152357256,0.32142024409320563,0.05477884042478277,0.08974038672061163,2009,5,hizm
TUR_50,0.4269698994596776,0.45005495884490715,0.12297513506526186,0.18633606481303244,2009,5,hizm
TUR_51,0.22702688946944474,0.5854826811581486,0.1874904277908768,0.6899969954377441,2009,5,hizm
TUR_52,0.4289220676746819,0.5055926695904754,0.06548526351527878,0.14467210655862192,2009,5,hizm
TUR_53,0.47994601691964195,0.4764918690231916,0.04356210578816137,0.04917862241156164,2009,5,hizm
TUR_55T56,0.4355025970429125,0.5290040931713039,0.035493309964154125,0.22676202562697492,2009,5,hizm
TUR_58T60,0.3657460887855739,0.5719651299125258,0.062288778872918664,0.06126797319156907,2009,5,hizm
TUR_61,0.8008722588643645,0.1827996506597766,0.016328088832393856,0.040605040409180365,2009,5,hizm
TUR_62T63,0.705846839807459,0.2555203929005361,0.038632765527059895,0.05069794199693919,2009,5,hizm
TUR_64T66,0.8008932180071076,0.16986648290470716,0.029240299388835284,0.05235115670096412,2009,5,hizm
TUR_68,0.884042042550904,0.10393667014217141,0.012021287201782116,0.02415028377576643,2009,5,hizm
TUR_69T75,0.5523744839401314,0.40815394056229637,0.03947157644071876,0.014499779069284124,2009,5,hizm
TUR_77T82,0.6184525606180538,0.34008201239506886,0.04146542736330244,0.03695066452765567,2009,5,hizm
TUR_84,0.7052106049306339,0.26248582063101206,0.03230357413106174,0.006830964827904266,2009,5,hizm
TUR_85,0.8334360539542518,0.15465805491717846,0.01190589079606085,0.013597868427484318,2009,5,hizm
TUR_86T88,0.6486318915449727,0.31683599283008607,0.034532116280591135,0.011624233821932412,2009,5,hizm
TUR_90T93,0.564211775166062,0.4101091236319417,0.025679102634897123,0.2040197120591524,2009,5,hizm
TUR_94T96,0.5281703468809855,0.42034474873765965,0.051484904223205515,0.03285750381208513,2009,5,hizm
TUR_97T98,1.0,0.0,0.0,0.0,2009,5,hizm
TUR_01T02,0.7299461491115727,0.2323874447249354,0.03766640594723741,0.04578171546485868,2010,2,tarım
TUR_03,0.8757650352177782,0.10514525323623211,0.019089696624030098,0.07009903472572514,2010,2,tarım
TUR_05T06,0.7822922694689998,0.17643966440091738,0.04126806613008267,0.23501014261506142,2010,3,maden
TUR_07T08,0.5245941616160513,0.3602573651445889,0.11514847300070401,0.08587136239125823,2010,3,maden
TUR_09,0.6925029942953252,0.26294659252020913,0.044550303008940896,0.004333794732950404,2010,3,maden
TUR_10T12,0.26756958621274357,0.6741416550970417,0.05828875862199416,0.08368149879797081,2010,1,imalat
TUR_13T15,0.3016396910827808,0.5925951810936413,0.10576512806218806,0.26168226123850835,2010,1,imalat
TUR_16,0.29353582029209313,0.5763842116101505,0.13007996472373526,0.08008469793156504,2010,1,imalat
TUR_17T18,0.2978894753980228,0.5556457208786719,0.14646480167935144,0.0837114289222126,2010,1,imalat
TUR_19,0.08751595361442423,0.3433939619855415,0.5690900852935874,0.19408248062525046,2010,1,imalat
TUR_20,0.3790209581317238,0.406279201062212,0.21469984039863974,0.1749623043496813,2010,1,imalat
TUR_21,0.7023281545337032,0.2235776269447849,0.07409421342922849,0.11507689788365724,2010,1,imalat
TUR_22,0.2396863201260691,0.5197412729111504,0.2405724076050162,0.176789631527521,2010,1,imalat
TUR_23,0.3381690300740352,0.5669473823773118,0.09488358725513071,0.09900323103054445,2010,1,imalat
TUR_24,0.18819352602368222,0.6473806124045886,0.16442586198612555,0.2694882707148456,2010,1,imalat
TUR_25,0.33109027958419845,0.5015905211289721,0.16731919920328397,0.18090001378324322,2010,1,imalat
TUR_26,0.33870939628846775,0.3772145678854901,0.28407603274036375,0.3453635135753584,2010,1,imalat
TUR_27,0.22695396133880433,0.5383280893268934,0.2347179486512225,0.2852913564334676,2010,1,imalat
TUR_28,0.2826811895915333,0.5208063513318403,0.19651246015295062,0.2632484023654971,2010,1,imalat
TUR_29,0.23339579377448785,0.5228678908816132,0.24373631503844947,0.4461036870886235,2010,1,imalat
TUR_30,0.5587691884512326,0.29992994850699456,0.1413008582361318,0.3138607309205519,2010,1,imalat
TUR_31T33,0.3554722651872026,0.5062668873762574,0.13826084842168457,0.11673496000391487,2010,1,imalat
TUR_35,0.20385037639749717,0.7184083126314089,0.07774131091902,0.005203562958332814,2010,4,ins_en_ç
TUR_36T39,0.43092292137867155,0.5163704389270273,0.052706639047858675,0.004782134567342148,2010,4,ins_en_ç
TUR_41T43,0.3188802125032474,0.598718714967599,0.08240107233779626,0.005016080308797378,2010,4,ins_en_ç
TUR_45T47,0.6126085314366051,0.3492344781921284,0.038156990306988846,0.12053916277197871,2010,5,hizm
TUR_49,0.5334709816399195,0.39041953646850797,0.07610948182439922,0.07736583418917638,2010,5,hizm
TUR_50,0.5626107212210781,0.340702433794985,0.09668684441377311,0.21012274253261737,2010,5,hizm
TUR_51,0.23213458972522194,0.5680207527118295,0.1998446578813946,0.6161789690206162,2010,5,hizm
TUR_52,0.5723317090473091,0.3717680156518725,0.055900275055239736,0.13924351949373368,2010,5,hizm
TUR_53,0.5555485348493127,0.4034349182078717,0.04101654372459079,0.04384509308533884,2010,5,hizm
TUR_55T56,0.4466254805870228,0.5151753583325389,0.03819916120633621,0.18661053603359992,2010,5,hizm
TUR_58T60,0.37091634917459926,0.5663412283108663,0.06274242128679555,0.045520202337107636,2010,5,hizm
TUR_61,0.725106970628648,0.25330703587232034,0.021585992480655597,0.030945092256872638,2010,5,hizm
TUR_62T63,0.6421703220630651,0.30967099732367975,0.04815867776413014,0.032997979517954405,2010,5,hizm
TUR_64T66,0.643982534229295,0.32246611792729324,0.03355134841493763,0.04520826697484546,2010,5,hizm
TUR_68,0.8979641602546284,0.08988185303420597,0.01215398655829422,0.021393242468296818,2010,5,hizm
TUR_69T75,0.5830340187481452,0.3793660285126458,0.0375999528089972,0.012979361298848293,2010,5,hizm
TUR_77T82,0.5799966940942767,0.3734533230112249,0.04654998356784842,0.030994082240053636,2010,5,hizm
TUR_84,0.6891474939052881,0.27731753529329817,0.03353497030014859,0.006637689802486336,2010,5,hizm
TUR_85,0.8380768325131537,0.14998035494239936,0.011942812292222162,0.01130645201546721,2010,5,hizm
TUR_86T88,0.6252009704122774,0.33517045388787037,0.039628575204630444,0.009423653445657336,2010,5,hizm
TUR_90T93,0.563876251499994,0.4097085264841907,0.026415223396267475,0.17367826798957825,2010,5,hizm
TUR_94T96,0.5378877830464166,0.4059460524633473,0.05616616228388856,0.027497425897582046,2010,5,hizm
TUR_97T98,1.0,0.0,0.0,0.0,2010,5,hizm
TUR_01T02,0.667437630999897,0.27423396181469023,0.05833038934675956,0.049636788440881346,2011,2,tarım
TUR_03,0.8036789568504137,0.16172907272303522,0.034591990325251724,0.07810204752995958,2011,2,tarım
TUR_05T06,0.7778374122521194,0.17332236019959898,0.048840230324658174,0.2560638330847694,2011,3,maden
TUR_07T08,0.5716563057350962,0.30551361509890135,0.12283007894520666,0.09142817710566561,2011,3,maden
TUR_09,0.45860019447769923,0.4465774647601455,0.0948222578773386,0.004656942582212156,2011,3,maden
TUR_10T12,0.2550918923096358,0.6712977557735723,0.0736148048080751,0.09066368246032691,2011,1,imalat
TUR_13T15,0.3443294983488698,0.534612352438024,0.12105852797777115,0.2839967190419956,2011,1,imalat
TUR_16,0.2896383854536956,0.550016296165396,0.16034539001186424,0.08858084632753861,2011,1,imalat
TUR_17T18,0.2967372595801628,0.5277376267423403,0.17552513770553488,0.09389457991555364,2011,1,imalat
TUR_19,0.12045198380767924,0.2796552975501916,0.5998927243679936,0.21775776683958636,2011,1,imalat
TUR_20,0.34726338974045273,0.3884750536251681,0.2642615994290889,0.19291854596467237,2011,1,imalat
TUR_21,0.4267705518032847,0.4047464210323392,0.16848312840400112,0.1278164258184998,2011,1,imalat
TUR_22,0.28604960292988946,0.4528800740185119,0.2610704377457952,0.1966056907617291,2011,1,imalat
TUR_23,0.3993735836224762,0.49941832759379234,0.1012080929492116,0.10947859561549458,2011,1,imalat
TUR_24,0.24939058205218245,0.5744740842622249,0.17613533416775476,0.30291455490949354,2011,1,imalat
TUR_25,0.38526290282326386,0.42766730199578523,0.18706979541170213,0.2055138257330952,2011,1,imalat
TUR_26,0.38964714959464286,0.32235979802687786,0.287993049539589,0.38018139925014205,2011,1,imalat
TUR_27,0.2240774387452812,0.4912994142528066,0.2846231456459436,0.321413894699526,2011,1,imalat
TUR_28,0.33934054748333453,0.45022332662778114,0.2104361274285315,0.2977748656238498,2011,1,imalat
TUR_29,0.2667312401641472,0.46168532513503285,0.2715834347008201,0.475731093921784,2011,1,imalat
TUR_30,0.5219879280906076,0.29453076243166454,0.18348130530929838,0.32972353529223625,2011,1,imalat
TUR_31T33,0.3783324944416139,0.46095544553338774,0.16071206892571838,0.1304763809513815,2011,1,imalat
TUR_35,0.1675271758624341,0.7325840611590858,0.09988876313872067,0.005236939858283171,2011,4,ins_en_ç
TUR_36T39,0.48929357859562383,0.45652227198848555,0.054184152261928756,0.005388424637641755,2011,4,ins_en_ç
TUR_41T43,0.37264367581020075,0.5340004190726682,0.09335591181760813,0.006251003442849383,2011,4,ins_en_ç
TUR_45T47,0.6381697860935835,0.31921090876657265,0.04261934807777986,0.12917121990370078,2011,5,hizm
TUR_49,0.4703601615876711,0.4287218544562965,0.10091798494272461,0.08024618313889505,2011,5,hizm
TUR_50,0.628225253014847,0.29733096593418423,0.07444378721217565,0.20625704523508642,2011,5,hizm
TUR_51,0.26455786041445356,0.5110522271037555,0.22438991267973468,0.6988894900899874,2011,5,hizm
TUR_52,0.6778561641606788,0.2788781375679862,0.043265698571857705,0.15550664251500657,2011,5,hizm
TUR_53,0.6529845511438496,0.31024245905613074,0.03677299053824442,0.04519928989232173,2011,5,hizm
TUR_55T56,0.4948554300369239,0.4634983794119245,0.04164682042114046,0.19150360763498114,2011,5,hizm
TUR_58T60,0.33008990820058687,0.5996280247778563,0.07028206878372117,0.043837410208255725,2011,5,hizm
TUR_61,0.675272553846419,0.2992075463118674,0.025519899369097154,0.031500970968442996,2011,5,hizm
TUR_62T63,0.6395415532330938,0.30488007006645235,0.055578376450378546,0.029941888067738648,2011,5,hizm
TUR_64T66,0.5915178593696552,0.3677968868295472,0.040685254012474234,0.046717698996062894,2011,5,hizm
TUR_68,0.847957232627544,0.13040880678745073,0.021633964412965244,0.023608978867509626,2011,5,hizm
TUR_69T75,0.5645897049038202,0.39413259413472435,0.04127773802305688,0.012824212723539298,2011,5,hizm
TUR_77T82,0.60550782655679,0.34665618848048013,0.04783601692498587,0.031158834052098915,2011,5,hizm
TUR_84,0.6442392631544953,0.3137311897166245,0.04202970962713663,0.00774287497156083,2011,5,hizm
TUR_85,0.8152031017548423,0.16941836623917844,0.015378558392226533,0.01209199809604832,2011,5,hizm
TUR_86T88,0.5968729688901783,0.3537066362119267,0.049420420712740505,0.009521528703505254,2011,5,hizm
TUR_90T93,0.5471688498703376,0.4235611576557772,0.029270033336561238,0.18279367823118117,2011,5,hizm
TUR_94T96,0.5469183839043046,0.38797677547943904,0.06510485413812465,0.028862811598604512,2011,5,hizm
TUR_97T98,1.0,0.0,0.0,0.0,2011,5,hizm
TUR_01T02,0.6278503538145136,0.3096951132497,0.062454533041045895,0.05308126723900809,2012,2,tarım
TUR_03,0.7581256787189463,0.19629440853887337,0.045579907995497604,0.08577483587638919,2012,2,tarım
TUR_05T06,0.7178959401851915,0.21202954896911116,0.07007450892362826,0.37992694716761943,2012,3,maden
TUR_07T08,0.5779620479413681,0.2875497721638862,0.13448818108720392,0.06788453013453782,2012,3,maden
TUR_09,0.7917502596205199,0.17182980915481114,0.036419923687625776,0.0038659424191582717,2012,3,maden
TUR_10T12,0.28053576946374087,0.6532562720945295,0.06620795851409125,0.0977155020327755,2012,1,imalat
TUR_13T15,0.3378872790535567,0.5534485740495111,0.10866414676200101,0.307842458188701,2012,1,imalat
TUR_16,0.34716311851800163,0.5145246570252047,0.138312224301488,0.10633099483507233,2012,1,imalat
TUR_17T18,0.3268042462449217,0.5150336120894804,0.15816214166559775,0.10211160993088533,2012,1,imalat
TUR_19,0.08154128261796739,0.32383311974863377,0.5946255979437629,0.23564383216495963,2012,1,imalat
TUR_20,0.31060916669894456,0.41486668339759875,0.27452415026507393,0.21463796604282043,2012,1,imalat
TUR_21,0.3979687675442621,0.43895890330436954,0.1630723307996964,0.1369452317748678,2012,1,imalat
TUR_22,0.2766379844372795,0.4717798660765817,0.2515821491838871,0.21644941310574062,2012,1,imalat
TUR_23,0.39403653130166455,0.4939248208495833,0.11203864731789967,0.11613764822016233,2012,1,imalat
TUR_24,0.1629933911080038,0.6477210084954407,0.1892856005506313,0.33498066664863263,2012,1,imalat
TUR_25,0.38870917717803044,0.43194349865770815,0.17934732420081412,0.23194764283031236,2012,1,imalat
TUR_26,0.3224382535009723,0.3770168718611917,0.300544878503463,0.3842197540095282,2012,1,imalat
TUR_27,0.23295897439079255,0.48749591851581126,0.27954510736967786,0.36012394188443436,2012,1,imalat
TUR_28,0.34383222067914376,0.45940349086472154,0.1967642874638245,0.3357857760762326,2012,1,imalat
TUR_29,0.23605256746971415,0.4966686909072555,0.2672787410907806,0.4439697530242584,2012,1,imalat
TUR_30,0.46478874711841667,0.3423913891451195,0.19281985877369337,0.3749360790701671,2012,1,imalat
TUR_31T33,0.3966774372528887,0.4587210065070346,0.14460155596422566,0.13100316447909438,2012,1,imalat
TUR_35,0.1766000485058275,0.7484852247267877,0.07491472708685959,0.005436440710625434,2012,4,ins_en_ç
TUR_36T39,0.5370647023286649,0.4138010826625489,0.049134215008786224,0.006325693298706458,2012,4,ins_en_ç
TUR_41T43,0.38812970958629206,0.5271384301053773,0.08473186028438576,0.009301103614505538,2012,4,ins_en_ç
TUR_45T47,0.6191806529480619,0.33532577640084527,0.0454935706072531,0.13668945753811865,2012,5,hizm
TUR_49,0.5513624625737342,0.3640703414380478,0.0845671958208179,0.08509432233679454,2012,5,hizm
TUR_50,0.5083637282146222,0.38371133704983246,0.10792493473554533,0.22594524174466163,2012,5,hizm
TUR_51,0.3084505921988128,0.4682026979124325,0.2233467098887548,0.7660412505055534,2012,5,hizm
TUR_52,0.5859646414940641,0.3523076179969817,0.06172773906632708,0.17890202249632692,2012,5,hizm
TUR_53,0.5657633412242935,0.3858543348043924,0.048382331757885484,0.04819708637555927,2012,5,hizm
TUR_55T56,0.509957660314095,0.4544242992229033,0.03561804048497766,0.1777769528662585,2012,5,hizm
TUR_58T60,0.42731808349346756,0.5181346963486609,0.054547220514420444,0.040973325148268284,2012,5,hizm
TUR_61,0.600454230699637,0.3732243088012075,0.02632146083850927,0.029470901441324023,2012,5,hizm
TUR_62T63,0.7863254474847301,0.1821017036634684,0.031572847910548416,0.027500098585607542,2012,5,hizm
TUR_64T66,0.6369505787844357,0.3272699189729636,0.03577950231762893,0.046592266902460565,2012,5,hizm
TUR_68,0.8136331498555447,0.16070152686848266,0.025665323601143628,0.02310557900812402,2012,5,hizm
TUR_69T75,0.5774007342910797,0.38523318394184436,0.03736608148912774,0.012873786737715007,2012,5,hizm
TUR_77T82,0.6376072409392715,0.3246759000919525,0.037716858411709436,0.03056473019316801,2012,5,hizm
TUR_84,0.6672992363464293,0.2978972352562192,0.034803528168493136,0.008624851023406863,2012,5,hizm
TUR_85,0.8405367742682448,0.14695085954886908,0.012512365863622199,0.011817221559543033,2012,5,hizm
TUR_86T88,0.5843251119073376,0.369019649767279,0.04665523806996587,0.008688204292335043,2012,5,hizm
TUR_90T93,0.5596808444365642,0.4141190843692167,0.02620007142069246,0.1765960818935815,2012,5,hizm
TUR_94T96,0.5314513215733401,0.3948020190504676,0.07374665931742941,0.02731661544770223,2012,5,hizm
TUR_97T98,1.0,0.0,0.0,0.0,2012,5,hizm
TUR_01T02,0.5515019223145592,0.37592910414033714,0.07257393802640155,0.04860496474448779,2013,2,tarım
TUR_03,0.6720096858315986,0.26930510101315736,0.05868525910011379,0.0787820690183669,2013,2,tarım
TUR_05T06,0.5521139339867198,0.34520763506062324,0.10267893228574887,0.25251179430251075,2013,3,maden
TUR_07T08,0.6212586089775732,0.27477737416517206,0.10396413646297074,0.08973593979206908,2013,3,maden
TUR_09,0.9053077232773925,0.07859533603273107,0.01609691527070926,0.0022483597429712654,2013,3,maden
TUR_10T12,0.27853685324130945,0.6579069669170353,0.06356381996051597,0.08997373754970539,2013,1,imalat
TUR_13T15,0.3542937680324658,0.5423793075272771,0.10332757841444398,0.26650654846882066,2013,1,imalat
TUR_16,0.3032805895537835,0.5562950297824607,0.1404264301019273,0.08923236434206883,2013,1,imalat
TUR_17T18,0.3224153842226391,0.5244072798544768,0.15317756563620555,0.09500151472913344,2013,1,imalat
TUR_19,0.07206705254734211,0.31490553732465426,0.6130274118775111,0.21574708558237976,2013,1,imalat
TUR_20,0.29543379238426637,0.4346626032067821,0.26990370819599774,0.1943358577414882,2013,1,imalat
TUR_21,0.3139460723995121,0.49961335295521775,0.18644072141692916,0.12781686945319273,2013,1,imalat
TUR_22,0.30344406640294025,0.4632931933176936,0.23326297345912977,0.19741245141607341,2013,1,imalat
TUR_23,0.4262199234136698,0.4854730372971188,0.08830705477964731,0.10868275048437553,2013,1,imalat
TUR_24,0.19391346806412857,0.6408617624683464,0.16522477010500453,0.30694717696477264,2013,1,imalat
TUR_25,0.4016922370668847,0.44222656487728174,0.1560811981235184,0.20431769924878335,2013,1,imalat
TUR_26,0.39723838343327617,0.3375038346789689,0.26525778349559426,0.35124986691019205,2013,1,imalat
TUR_27,0.25687128837727496,0.507263816481078,0.2358648977841235,0.3279961403917375,2013,1,imalat
TUR_28,0.36735989984967055,0.4454958121197957,0.1871442924834307,0.30473930601795834,2013,1,imalat
TUR_29,0.2545415274537387,0.4835401213525416,0.2619183511011007,0.4785298785109529,2013,1,imalat
TUR_30,0.42209648591403015,0.37586819214750167,0.2020353189417424,0.3421975986643412,2013,1,imalat
TUR_31T33,0.3774174200833083,0.47693231567836447,0.145650280535237,0.13189797754915358,2013,1,imalat
TUR_35,0.18358726361504313,0.7328429715465299,0.0835697649230479,0.0046359440299523534,2013,4,ins_en_ç
TUR_36T39,0.518606122752292,0.4330641334222762,0.04832975034946824,0.0054952776698604,2013,4,ins_en_ç
TUR_41T43,0.42092845801365014,0.49956947085059955,0.07950208406805792,0.007125320287067652,2013,4,ins_en_ç
TUR_45T47,0.6175316696791915,0.3389942975367149,0.04347411551132803,0.1265863691655949,2013,5,hizm
TUR_49,0.5482832597828546,0.36941898501570014,0.08229775744639845,0.07993928658140328,2013,5,hizm
TUR_50,0.43729249639462237,0.4399854974974431,0.12272201041696675,0.20502048807734202,2013,5,hizm
TUR_51,0.3034589540373934,0.4751780301054555,0.22136303009694,0.8096090560708016,2013,5,hizm
TUR_52,0.5892367786155479,0.3501663856873694,0.06059683750420459,0.17407977030124044,2013,5,hizm
TUR_53,0.5150001247889928,0.4320361963820277,0.05296367970958923,0.04753336625009075,2013,5,hizm
TUR_55T56,0.5319550601310272,0.4346628615687599,0.03338297475617654,0.17985208040056935,2013,5,hizm
TUR_58T60,0.4818697211295292,0.4715606415616393,0.04656963576764349,0.03635553334547436,2013,5,hizm
TUR_61,0.5534365147075008,0.41762767805089634,0.028935807822883006,0.027719409344085212,2013,5,hizm
TUR_62T63,0.8373148212567437,0.13858116072937066,0.02410402976588777,0.021934988613874027,2013,5,hizm
TUR_64T66,0.6717689457258746,0.2920230321286645,0.036208024413965256,0.052698703434242676,2013,5,hizm
TUR_68,0.7806077980274495,0.19014581028975275,0.029246404431297664,0.023542723860339898,2013,5,hizm
TUR_69T75,0.5790683597852048,0.3848373527781187,0.03609434497150143,0.013979902838208354,2013,5,hizm
TUR_77T82,0.6831211007106226,0.28951445168659534,0.02736449664200221,0.031429739049971164,2013,5,hizm
TUR_84,0.642336573891402,0.3210259830147444,0.03663773586159817,0.008607522485650318,2013,5,hizm
TUR_85,0.8458120246823269,0.14230087271635403,0.011887145294992577,0.012565341829158085,2013,5,hizm
TUR_86T88,0.5784609621841639,0.37312238528190483,0.048416682028838136,0.00882482155684295,2013,5,hizm
TUR_90T93,0.6212120645768529,0.35433829174223846,0.024449725641975166,0.179038158026647,2013,5,hizm
TUR_94T96,0.5206016350944283,0.4064456533637606,0.07295273391588428,0.027707132091004817,2013,5,hizm
TUR_97T98,1.0,0.0,0.0,0.0,2013,5,hizm
TUR_01T02,0.5356219770467417,0.3929620524469867,0.07141597049730875,0.05090157138020761,2014,2,tarım
TUR_03,0.6523579617644047,0.28927607123808474,0.058365953095705865,0.08246590634965927,2014,2,tarım
TUR_05T06,0.43790158687110387,0.4377937680569736,0.12430464022971549,0.2662739811333073,2014,3,maden
TUR_07T08,0.6058431043553816,0.28907732942811815,0.10507956582710971,0.09367732401972978,2014,3,maden
TUR_09,0.5367870887761418,0.38300322654475816,0.08020963108675908,0.004264376350592234,2014,3,maden
TUR_10T12,0.28418235001820247,0.6551575623197556,0.06066008769583734,0.09455385053614208,2014,1,imalat
TUR_13T15,0.3659303952332232,0.5360870439275833,0.09798256069063642,0.27911292874735594,2014,1,imalat
TUR_16,0.33430775845048516,0.5371981298140546,0.12849410564536226,0.09217167189002437,2014,1,imalat
TUR_17T18,0.3353898349807124,0.5195895019702087,0.14502066230829785,0.09864553245590284,2014,1,imalat
TUR_19,0.050792081835803644,0.33396625729561086,0.6152416602262842,0.22392782411444925,2014,1,imalat
TUR_20,0.3024815517514038,0.43238192305063144,0.2651365256579908,0.20367200919045703,2014,1,imalat
TUR_21,0.31913021150972015,0.4942684613833544,0.1866013249805009,0.13394816300612133,2014,1,imalat
TUR_22,0.3053902223920606,0.46421612607662077,0.23039365133017112,0.20703085321385228,2014,1,imalat
TUR_23,0.4406748087809665,0.4745516604068947,0.0847735308803278,0.11378973631523673,2014,1,imalat
TUR_24,0.201339296152981,0.6440322988723698,0.15462840513511955,0.32091015965749325,2014,1,imalat
TUR_25,0.411718274426463,0.4412447480797268,0.14703697742562963,0.21312965005380444,2014,1,imalat
TUR_26,0.3795782783215117,0.35439289636410665,0.26602882100273256,0.36558763509117737,2014,1,imalat
TUR_27,0.2422993134307552,0.5268229745680939,0.23087771161486909,0.3434165381909478,2014,1,imalat
TUR_28,0.37000990833680586,0.4481570715518547,0.18183302054977973,0.32042246012477876,2014,1,imalat
TUR_29,0.22178742191342612,0.5090699032854653,0.26914267445889434,0.5083932553693192,2014,1,imalat
TUR_30,0.5852898693956854,0.2745078425384696,0.140202290374798,0.35541156817758535,2014,1,imalat
TUR_31T33,0.4034229019720051,0.46496170248459157,0.1316153958009241,0.12816630258510756,2014,1,imalat
TUR_35,0.1823634866944958,0.7402655614981604,0.07737095176475645,0.00485136717402984,2014,4,ins_en_ç
TUR_36T39,0.5272532748617618,0.42583591111143265,0.046910812972523974,0.005735280933368094,2014,4,ins_en_ç
TUR_41T43,0.41847176145382886,0.5035661148765223,0.07796212370860918,0.00748210600712901,2014,4,ins_en_ç
TUR_45T47,0.6254613482299495,0.3336607227834296,0.04087792889327077,0.1327688821963793,2014,5,hizm
TUR_49,0.5031852592168686,0.4090311670229707,0.08778357352915055,0.08690060371148733,2014,5,hizm
TUR_50,0.5446399671898047,0.35020297934601574,0.10515705146361085,0.24308092348700697,2014,5,hizm
TUR_51,0.3703580002063741,0.43511989278341023,0.19452210735434225,0.8407088058366622,2014,5,hizm
TUR_52,0.7271853067026053,0.23083982985840917,0.04197486310722594,0.2045166777619632,2014,5,hizm
TUR_53,0.5770058972038684,0.37921825188326297,0.04377584344871272,0.05314153263171325,2014,5,hizm
TUR_55T56,0.5487886906503027,0.42072666379988005,0.030484645734092392,0.18782474162842255,2014,5,hizm
TUR_58T60,0.4702246086469734,0.48421090620871965,0.0455644843679694,0.038942015785271726,2014,5,hizm
TUR_61,0.5232175132699833,0.4474494212433565,0.029333067511453925,0.029012430116756686,2014,5,hizm
TUR_62T63,0.901636592731661,0.0841712878496075,0.014192117584855354,0.02251770548864551,2014,5,hizm
TUR_64T66,0.6244718547992467,0.3307158141697826,0.0448123307271567,0.06573366067490867,2014,5,hizm
TUR_68,0.7554403248571437,0.21234501259133748,0.03221466254137025,0.025823466437900428,2014,5,hizm
TUR_69T75,0.5794978487171039,0.3863024271979281,0.034199723278011525,0.014373208042393639,2014,5,hizm
TUR_77T82,0.7022878197415333,0.27209911525174274,0.025613064331932885,0.035648784179927506,2014,5,hizm
TUR_84,0.64208135924382,0.32285707723389934,0.03506156367504963,0.009439894019361586,2014,5,hizm
TUR_85,0.8787801644183386,0.11207835265153597,0.009141482495474354,0.013042806596445976,2014,5,hizm
TUR_86T88,0.5625502124239201,0.3874947881033104,0.04995499928183089,0.009163362227246548,2014,5,hizm
TUR_90T93,0.6240309307271199,0.35107295116459913,0.024896117404651343,0.20791975756321462,2014,5,hizm
TUR_94T96,0.5225831849440332,0.4075832788965461,0.06983353566601858,0.028908172291572283,2014,5,hizm
TUR_97T98,1.0,0.0,0.0,0.0,2014,5,hizm
TUR_01T02,0.5622081011723928,0.3762712295400952,0.06152078309468828,0.04983153428508651,2015,2,tarım
TUR_03,0.6835172524503274,0.26736648373149663,0.04911626284312624,0.08062876593003952,2015,2,tarım
TUR_05T06,0.4095240669597409,0.4684061213295954,0.12206981355339164,0.25971265457297393,2015,3,maden
TUR_07T08,0.5764493708199305,0.3194784766141946,0.1040721522456337,0.092403406791574,2015,3,maden
TUR_09,-0.2699434999114476,1.0618387099418996,0.20810476950305482,0.00440795430490641,2015,3,maden
TUR_10T12,0.26650353067211685,0.676219218407715,0.057277426782375795,0.09330776362638553,2015,1,imalat
TUR_13T15,0.3466170936522134,0.5598246825123039,0.09355823887828071,0.27305469210192046,2015,1,imalat
TUR_16,0.3113565713115582,0.5658033905428037,0.12284004385147887,0.09030210989124557,2015,1,imalat
TUR_17T18,0.3251945403216467,0.5373075820632718,0.1374978784919517,0.09638714132041676,2015,1,imalat
TUR_19,0.1158846050062801,0.32262925642095613,0.5614861388348926,0.21893073090802204,2015,1,imalat
TUR_20,0.3279726851790473,0.4290861922521602,0.2429411239375442,0.19943313393473944,2015,1,imalat
TUR_21,0.3746535398455284,0.46667832527137065,0.15866813867207544,0.1306807599170606,2015,1,imalat
TUR_22,0.302837076783882,0.47769953818112587,0.21946339061623613,0.20289240988359028,2015,1,imalat
TUR_23,0.42378057527744223,0.49293058781974275,0.08328883559718653,0.11180986197551604,2015,1,imalat
TUR_24,0.2023305704510893,0.6567308568067237,0.1409385727033401,0.3320779443422721,2015,1,imalat
TUR_25,0.41379046612916415,0.44240180758174685,0.1438077264007637,0.20680898080509458,2015,1,imalat
TUR_26,0.41407042349956513,0.34693464813808544,0.2389949287536642,0.35844221752088967,2015,1,imalat
TUR_27,0.23192063054180767,0.5550065662537744,0.21307280203357337,0.3363808913149797,2015,1,imalat
TUR_28,0.363727975218693,0.4527315738875043,0.18354045190601231,0.31462367797464613,2015,1,imalat
TUR_29,0.26187649118214307,0.48641250912703693,0.25171100043696265,0.5307804655720346,2015,1,imalat
TUR_30,0.6177639990194643,0.26083839800744046,0.1213975976862818,0.3415171178718307,2015,1,imalat
TUR_31T33,0.41304641323569097,0.4664961649668831,0.1204574221839057,0.12436104340534544,2015,1,imalat
TUR_35,0.16921628967555286,0.754960507708708,0.07582320241407485,0.004764215850746936,2015,4,ins_en_ç
TUR_36T39,0.5164413244056048,0.44025827197947054,0.04330040399900482,0.005901824790554228,2015,4,ins_en_ç
TUR_41T43,0.4234084102794478,0.49911125202125534,0.07748033799122488,0.007327722467664158,2015,4,ins_en_ç
TUR_45T47,0.6296355332594482,0.3332868319223928,0.03707763677882456,0.13085401579369543,2015,5,hizm
TUR_49,0.5333220185180734,0.391033883659183,0.07564409772229,0.08178948114492483,2015,5,hizm
TUR_50,0.4106255993045652,0.46366455483097335,0.12570984810492733,0.2431886170844899,2015,5,hizm
TUR_51,0.3591527460229441,0.454054392552249,0.18679285782366975,0.8521355411414753,2015,5,hizm
TUR_52,0.6029227245990926,0.34159679695991585,0.0554804760204668,0.2054752081094382,2015,5,hizm
TUR_53,0.44022381758427565,0.5066198095892784,0.05315637282644598,0.057540443590397096,2015,5,hizm
TUR_55T56,0.5399770528508023,0.4312744089926812,0.02874855696563107,0.1856946119699615,2015,5,hizm
TUR_58T60,0.49290107288939883,0.4643273609815958,0.04277156612900548,0.03687967782191063,2015,5,hizm
TUR_61,0.5183225732517712,0.4536074951861314,0.02806993097870467,0.02777210359692747,2015,5,hizm
TUR_62T63,0.900824769170429,0.08582179739369002,0.013353434390273734,0.0192932088686957,2015,5,hizm
TUR_64T66,0.6513951409742605,0.30438759410479854,0.04421726413143797,0.0638542178675355,2015,5,hizm
TUR_68,0.7323712006718585,0.23413587144859777,0.033492928190101606,0.025791083147674053,2015,5,hizm
TUR_69T75,0.6365776793959526,0.33708444219236083,0.026337878913360892,0.01287259358575395,2015,5,hizm
TUR_77T82,0.732190647087157,0.2495225897883723,0.01828676375864813,0.03527626520816275,2015,5,hizm
TUR_84,0.6198911324512021,0.3453933884072784,0.03471548676026856,0.009278185739940548,2015,5,hizm
TUR_85,0.8768711552015577,0.11443160054540957,0.00869724457751761,0.012919443006703666,2015,5,hizm
TUR_86T88,0.5443223706827376,0.40854162043202896,0.0471360099018815,0.009057528998731499,2015,5,hizm
TUR_90T93,0.6113630564613178,0.3646198738521439,0.02401707214584758,0.21381601655984636,2015,5,hizm
TUR_94T96,0.48835005388963293,0.442544426433423,0.06910552051711008,0.028605051401239593,2015,5,hizm
TUR_97T98,1.0,0.0,0.0,0.0,2015,5,hizm
TUR_01T02,0.5053975950485197,0.4275705492098252,0.06703948237442832,0.047450429291775544,2016,2,tarım
TUR_03,0.6173623715664386,0.32469337538829574,0.057944325615502834,0.07553642499374968,2016,2,tarım
TUR_05T06,0.4251823459772429,0.456747772068738,0.1180699185580143,0.2512940795867193,2016,3,maden
TUR_07T08,0.5769338517070705,0.3238311753881411,0.09923497577167799,0.0885532960710292,2016,3,maden
TUR_09,-0.26945218951211797,1.0716346368947676,0.19781757707161585,0.0034601925387918336,2016,3,maden
TUR_10T12,0.2711411240748738,0.674087227206784,0.05478194087775041,0.08751481027611852,2016,1,imalat
TUR_13T15,0.3392908430774303,0.5729215682286303,0.08778848123553695,0.2615940906829176,2016,1,imalat
TUR_16,0.31259770743077303,0.5708557053169095,0.11654679735950516,0.08590628460175286,2016,1,imalat
TUR_17T18,0.2973522034572097,0.5653491961196048,0.1372986584316213,0.09154414245376989,2016,1,imalat
TUR_19,0.10517342984500211,0.3354444205001401,0.5593821514876257,0.2100882545537625,2016,1,imalat
TUR_20,0.3255258379240914,0.4439042071854843,0.23057004777021203,0.1917073025370246,2016,1,imalat
TUR_21,0.39733325634150657,0.4603464008814267,0.1423205203079853,0.12009068471884926,2016,1,imalat
TUR_22,0.3104054136643885,0.4850839386901715,0.20451099159679273,0.19709276641200346,2016,1,imalat
TUR_23,0.4033726231726065,0.5163770435791106,0.08025034386066768,0.10844152544695668,2016,1,imalat
TUR_24,0.2148231802040268,0.6507910979964918,0.1343857215479557,0.324973781141208,2016,1,imalat
TUR_25,0.4135106357355334,0.4456930283414716,0.14079633640550077,0.2009114381595295,2016,1,imalat
TUR_26,0.41783354093950237,0.3520364944795678,0.230129960482706,0.3381638149727394,2016,1,imalat
TUR_27,0.2283002707279884,0.5670553622406254,0.20464436763834148,0.3243570996086834,2016,1,imalat
TUR_28,0.35010214872651774,0.4655219067274322,0.18437594608793853,0.3050235305387813,2016,1,imalat
TUR_29,0.26880529071643344,0.4832537256834571,0.24794098363398867,0.581379089751181,2016,1,imalat
TUR_30,0.6940309881754703,0.2108482532945373,0.09512076128477788,0.3364096379293601,2016,1,imalat
TUR_31T33,0.40467651032231716,0.4776686422467991,0.11765487302130745,0.11738125409998261,2016,1,imalat
TUR_35,0.1723890852852507,0.7559122256369671,0.07169868960399481,0.00461014782919382,2016,4,ins_en_ç
TUR_36T39,0.49408882114948616,0.464495375111912,0.041415814217949785,0.005780561203633298,2016,4,ins_en_ç
TUR_41T43,0.44320402571838263,0.48534056630929956,0.07145542601199036,0.006933692918055636,2016,4,ins_en_ç
TUR_45T47,0.6261543862918477,0.3383312371339031,0.035514486572998334,0.12846847602854067,2016,5,hizm
TUR_49,0.5539745105324818,0.3781507820123372,0.06787471022564974,0.07248421512131162,2016,5,hizm
TUR_50,0.3149960342812378,0.5478327200086127,0.13717125502076458,0.20197351191240479,2016,5,hizm
TUR_51,0.19307024486521493,0.5811203358496595,0.22580944171595882,0.8482554284232937,2016,5,hizm
TUR_52,0.4978881038252267,0.4365413461794593,0.06557055021668877,0.17565697556349663,2016,5,hizm
TUR_53,0.3686812759715253,0.5737824314399804,0.057536293561888115,0.05417619815000425,2016,5,hizm
TUR_55T56,0.4953882891047498,0.47320977755564686,0.031403119392263444,0.13080412394665833,2016,5,hizm
TUR_58T60,0.4853563959975561,0.47143013214059537,0.043213470534014586,0.028586687172949325,2016,5,hizm
TUR_61,0.523355555858871,0.44975552877456143,0.026888916821351777,0.01952153485825948,2016,5,hizm
TUR_62T63,0.9018334894734078,0.08481842751402041,0.013348083357231784,0.015472177471179316,2016,5,hizm
TUR_64T66,0.722528787710482,0.24009026959444554,0.03738094436292919,0.056861284624745385,2016,5,hizm
TUR_68,0.732253498997334,0.23704159966455943,0.03070491884995758,0.01741969989786403,2016,5,hizm
TUR_69T75,0.6211009581114435,0.35161286687450855,0.027286220099175494,0.013190927356545997,2016,5,hizm
TUR_77T82,0.7261596813894301,0.2569293855470334,0.016910986999507507,0.024744092574838904,2016,5,hizm
TUR_84,0.6504463199327125,0.3192988705256975,0.030255210102334402,0.007249004043862708,2016,5,hizm
TUR_85,0.9058999880150463,0.08771846943328554,0.006381576597129164,0.009012895064817315,2016,5,hizm
TUR_86T88,0.5811672016805122,0.37724535572543283,0.04158747810613589,0.006425159729666704,2016,5,hizm
TUR_90T93,0.6078248075139482,0.3713142778225467,0.020860998098998967,0.13560603282158967,2016,5,hizm
TUR_94T96,0.4970467386658021,0.4384841268069886,0.06446916270016302,0.02020490695188405,2016,5,hizm
TUR_97T98,1.0,0.0,0.0,0.0,2016,5,hizm
TUR_01T02,0.4948798014215564,0.4224899274161898,0.08263052115196137,0.05301638921357818,2017,2,tarım
TUR_03,0.6048843448431734,0.3243974502291422,0.07071819849506428,0.08469331076304362,2017,2,tarım
TUR_05T06,0.3752744325681712,0.47448383149384493,0.15024173427811588,0.2751231818396083,2017,3,maden
TUR_07T08,0.6141764684706678,0.28089569979924867,0.10492782981779913,0.0981198271986163,2017,3,maden
TUR_09,0.13000712729621824,0.7167599180084894,0.1532329626993759,0.004309497371211139,2017,3,maden
TUR_10T12,0.2653354849434038,0.6673840971834342,0.06728076029087647,0.09752175837607224,2017,1,imalat
TUR_13T15,0.3490002590691145,0.5447193539335716,0.10628041479578677,0.28354888472871254,2017,1,imalat
TUR_16,0.30279034632893975,0.5573483377178183,0.13986132136438884,0.09647834815740332,2017,1,imalat
TUR_17T18,0.3321637988174549,0.5126364049027609,0.15519979715947066,0.10262757603404482,2017,1,imalat
TUR_19,0.14121410324179928,0.2621671435479646,0.596618754161502,0.23333347160254808,2017,1,imalat
TUR_20,0.3694632338129062,0.38715764392581564,0.24337912531930836,0.2137139882384011,2017,1,imalat
TUR_21,0.39109950412000893,0.43997840221351575,0.16892209514326306,0.13774224356099024,2017,1,imalat
TUR_22,0.3289321304061341,0.4424889677033279,0.2285789113173427,0.21912140840900954,2017,1,imalat
TUR_23,0.38203056303022515,0.5198206157674937,0.09814881992582888,0.12062551339461067,2017,1,imalat
TUR_24,0.269207817822228,0.5794099026117615,0.15138227888468714,0.3567898398875584,2017,1,imalat
TUR_25,0.42849370539864623,0.41336954828582656,0.15813674579272693,0.22412396196418105,2017,1,imalat
TUR_26,0.42301449218496934,0.3158222732874087,0.2611632292269008,0.43783227174200634,2017,1,imalat
TUR_27,0.2374087373265512,0.5212603963496567,0.24133086622988498,0.3626625589534301,2017,1,imalat
TUR_28,0.374203974389434,0.42720011463401664,0.19859591102995175,0.33738639511870405,2017,1,imalat
TUR_29,0.30503925750359784,0.42142651136434234,0.27353423035320684,0.6728992661091919,2017,1,imalat
TUR_30,0.7154007902747832,0.18756336158422274,0.097035838103845,0.36597026322177517,2017,1,imalat
TUR_31T33,0.4039191439841873,0.4575856174975508,0.1384952398236587,0.14131437059355484,2017,1,imalat
TUR_35,0.15900699600597007,0.7415618353496278,0.09943116929776366,0.005101286099504638,2017,4,ins_en_ç
TUR_36T39,0.5199877924412442,0.432654302808234,0.04735790468631299,0.0061915156657589236,2017,4,ins_en_ç
TUR_41T43,0.44127437585936535,0.4755076031326076,0.08321802162421588,0.00781625473352244,2017,4,ins_en_ç
TUR_45T47,0.6466970968938691,0.3139739603598253,0.03932894588640963,0.14259347935200758,2017,5,hizm
TUR_49,0.49639339210776795,0.4129784935569018,0.09062811437583439,0.08461823093591492,2017,5,hizm
TUR_50,0.4204758779486676,0.4443551943183634,0.13516892367038685,0.25920479476315833,2017,5,hizm
TUR_51,0.37357004459668847,0.42899850569905473,0.1974314502679604,0.8509423438337814,2017,5,hizm
TUR_52,0.7641604969528445,0.1993229837100786,0.0365165175659721,0.2046973802493753,2017,5,hizm
TUR_53,0.4806422763453969,0.4641287116131898,0.05522901373835005,0.05713265147299865,2017,5,hizm
TUR_55T56,0.5127758850226211,0.45069971794160046,0.036524434972379484,0.1579971029383007,2017,5,hizm
TUR_58T60,0.5054085897387766,0.44704619250138433,0.04754521763839052,0.039668635601591784,2017,5,hizm
TUR_61,0.4890437485122105,0.4777860245650365,0.03317022662991305,0.026085793079710616,2017,5,hizm
TUR_62T63,0.9014975096088884,0.08359736999349414,0.01490511897004981,0.025378112067979488,2017,5,hizm
TUR_64T66,0.6929939017227605,0.2675920666406067,0.039414031509211404,0.06458842808676253,2017,5,hizm
TUR_68,0.674866766374869,0.28090477365251426,0.04422846072145197,0.02157258907099411,2017,5,hizm
TUR_69T75,0.6319081559390548,0.3382186925953621,0.029873153694494472,0.017526907448605713,2017,5,hizm
TUR_77T82,0.7378487481214302,0.24273008819353803,0.01942116594868988,0.03314633345555271,2017,5,hizm
TUR_84,0.6111335239938147,0.3489465039466339,0.039919986062139506,0.008778735071115644,2017,5,hizm
TUR_85,0.8756764356944188,0.1145276344501909,0.009795931034525487,0.011147482088872044,2017,5,hizm
TUR_86T88,0.5331549362736376,0.4109098625642841,0.05593520270739484,0.007776879992948774,2017,5,hizm
TUR_90T93,0.5858803755126533,0.38868124756402617,0.025438379779667827,0.1690737338598884,2017,5,hizm
TUR_94T96,0.49229564803228204,0.4305906549421497,0.0771136965438867,0.02442108444420775,2017,5,hizm
TUR_97T98,1.0,0.0,0.0,0.0,2017,5,hizm
TUR_01T02,0.4707655720648335,0.43844943863797237,0.090784989221347,0.06525650559351318,2018,2,tarım
TUR_03,0.5751067714716768,0.34526759662793294,0.07962563081283566,0.10403604714476299,2018,2,tarım
TUR_05T06,0.4581948529591308,0.39841515735468214,0.14338998721086357,0.33916742890885726,2018,3,maden
TUR_07T08,0.6340720430460477,0.25823780244898825,0.10769015299465802,0.12125503281464498,2018,3,maden
TUR_09,0.6675339519513936,0.27279529094424027,0.05967075710436607,0.0058035561875952445,2018,3,maden
TUR_10T12,0.2616914034433055,0.6688748422024292,0.0694337540014132,0.1196684826777863,2018,1,imalat
TUR_13T15,0.37414705307828106,0.517464978589816,0.10838796791920718,0.34885357952350193,2018,1,imalat
TUR_16,0.32396323347672773,0.534009911769779,0.14202685300722773,0.11692920138685639,2018,1,imalat
TUR_17T18,0.3832323200328744,0.4688340770962166,0.1479336027968063,0.12529547166316413,2018,1,imalat
TUR_19,0.1531176847713724,0.21835595182636883,0.628526363166073,0.28618388655586974,2018,1,imalat
TUR_20,0.4261674047433603,0.34178924726992843,0.23204334818629038,0.26213394898774645,2018,1,imalat
TUR_21,0.40399969742765335,0.42619994625157015,0.16980035447105796,0.16596919829880802,2018,1,imalat
TUR_22,0.3454606381011834,0.4185126885561845,0.2360266718929296,0.2677434819015284,2018,1,imalat
TUR_23,0.3744682355866882,0.5172429951742449,0.10828876812441487,0.14797057565518443,2018,1,imalat
TUR_24,0.32013818449601783,0.5362628703188822,0.14359894471399395,0.3988220582059446,2018,1,imalat
TUR_25,0.44932256750633964,0.3959654586254408,0.15471197464839276,0.2772619518253454,2018,1,imalat
TUR_26,0.5812823433418867,0.22334789127388505,0.1953697651713578,0.471006556023265,2018,1,imalat
TUR_27,0.2526190985778132,0.48371768585554564,0.2636632152050503,0.44694062506177185,2018,1,imalat
TUR_28,0.40020682705893296,0.4149197278042335,0.18487344478528805,0.42201819375044103,2018,1,imalat
TUR_29,0.32940957294981,0.4108843736770396,0.2597060542581846,0.6939908281411746,2018,1,imalat
TUR_30,0.7678548285284865,0.1512413850196417,0.08090378176198261,0.38633769321882017,2018,1,imalat
TUR_31T33,0.415676619339205,0.44874799953755884,0.13557538131693006,0.16748654452892267,2018,1,imalat
TUR_35,0.1766897858244372,0.705340795057468,0.11796941864056891,0.006286059717882257,2018,4,ins_en_ç
TUR_36T39,0.4801149537825247,0.46383328402281687,0.056051763395902475,0.007237064441694557,2018,4,ins_en_ç
TUR_41T43,0.36903666638305943,0.5370778848859363,0.09388544867720314,0.009372640980022053,2018,4,ins_en_ç
TUR_45T47,0.6608887386013937,0.2991877620749549,0.03992349934465794,0.1689638315841125,2018,5,hizm
TUR_49,0.4417971984660829,0.45069676724034957,0.1075060346506074,0.09993191959212422,2018,5,hizm
TUR_50,0.6015326818568578,0.31427418832490683,0.08419312801203165,0.2957536376978485,2018,5,hizm
TUR_51,0.5398702901805581,0.3107316652511788,0.14939804223401823,0.8816092749544476,2018,5,hizm
TUR_52,0.761582931717223,0.20321417027772706,0.035202898116758495,0.20869835261225275,2018,5,hizm
TUR_53,0.5053148250528842,0.4389064664630934,0.055778713784106565,0.07409100523172567,2018,5,hizm
TUR_55T56,0.5862004347298035,0.3832668163558823,0.0305327493569734,0.18831885931797937,2018,5,hizm
TUR_58T60,0.453035768408377,0.49420646376626076,0.05275776729077554,0.0500991799109863,2018,5,hizm
TUR_61,0.44908030587459813,0.5149619328955319,0.03595776122986983,0.03145063395607259,2018,5,hizm
TUR_62T63,0.9010949218482492,0.08385262928363675,0.015052446591789394,0.01984424638563719,2018,5,hizm
TUR_64T66,0.6448501295958311,0.311089717149825,0.044060153254343905,0.07642494801269896,2018,5,hizm
TUR_68,0.6373799656286,0.3096080197370848,0.053012014720477244,0.026983596471599643,2018,5,hizm
TUR_69T75,0.5978496795589847,0.36761214609249426,0.034538174591290056,0.02137641403805662,2018,5,hizm
TUR_77T82,0.680413961213888,0.28543912686198725,0.034146911716365656,0.042709479790950175,2018,5,hizm
TUR_84,0.6789274283836982,0.2854735363370513,0.0355990350590005,0.009973301810535545,2018,5,hizm
TUR_85,0.8827096756152922,0.10754645736438394,0.009743866220674333,0.01315248915399521,2018,5,hizm
TUR_86T88,0.542468748423386,0.4024971771106115,0.05503407432224418,0.009226356649514595,2018,5,hizm
TUR_90T93,0.588025861548698,0.3856695871539873,0.02630454943142699,0.21322708705088042,2018,5,hizm
TUR_94T96,0.4825369624814491,0.4344795034815004,0.08298353291265577,0.02912597641544587,2018,5,hizm
TUR_97T98,1.0,0.0,0.0,0.0,2018,5,hizm
